{"data": [0.2805317333020503, 0.5040198397624077, 0.39925729322856096, 0.4588812669200172, 0.3042804638240267, 0.45243888398892323], "indices": [93, 2778, 499, 716, 2376, 2939], "indptr": [0, 6], "shape": [1, 2979]}