{"data": [0.2894378563444421, 0.34254117523822875, 0.2856302111419773, 0.3908956556491097, 0.11523405455971937, 0.49457008606786645, 0.36820254122374735, 0.41358877007447215], "indices": [7220, 3166, 2514, 4632, 17034, 7141, 12975, 3186], "indptr": [0, 8], "shape": [1, 19110]}